{
  "analysis_result": {
    "cost": 666,
    "cycle_time_average": [
      37209.21106600002,
      9379.323
    ],
    "cycle_time_per_activity": {
      "AML check": 6514.811396998405,
      "Applicant completes form": 11066.666666666666,
      "Appraise property": 6980.868694997311,
      "Approve application": 1054.585152838428,
      "Approve loan offer": 3764.3835616438355,
      "Assess loan risk": 6787.2,
      "Cancel application": 1435.774647887324,
      "Check application form completeness": 8467.888017148318,
      "Check credit history": 7768.660875999689,
      "Design loan offer": 2395.8268886980127,
      "Reject application": 2400.0,
      "Return application back to applicant": 300.0
    },
    "per_activity_waiting_time": {
      "AML check": -2255.699924000001,
      "Applicant completes form": 1426.8129166666668,
      "Appraise property": -3413.5415650000023,
      "Approve application": 0.0,
      "Approve loan offer": 19.207428082191782,
      "Assess loan risk": 564.4273900000003,
      "Cancel application": 0.0,
      "Check application form completeness": 0.0,
      "Check credit history": -1860.3832549999986,
      "Design loan offer": 0.6364606164383562,
      "Reject application": 0.0,
      "Return application back to applicant": 0.0
    },
    "resource_utilization": 16,
    "waiting_time": -6799.5127280000215
  },
  "event_log_id": "18",
  "status": "success"
}
